No.,Object designation,Diameter,Impact date/time in UTC,IP,Close years
1,2001VB,700,2023-07-23 07:16,0.0000387614501174161,2023
2,1979XB,700,2056-12-12 21:38,0.000164980551048719,2056
3,2008JL3,30,2027-05-01 09:05,0.000149009089554463,2027
4,2000SG344,40,2071-09-16 00:54,0.000895255147717099,2069
5,2005QK76,30,2030-02-26 08:15,0.000030100535789537,2030
6,2021GX9,30,2032-04-16 21:51,0.0000503018108651911,2032
7,2007KE4,30,2029-05-26 00:18,0.000042700371493232,2026
9,2019VB37,40,2049-04-26 01:30,0.0000562018771426966,2041
10,2011DU9,16,2046-02-23 20:44,0.00068212824010914,2046
12,2018JD,16,2067-05-08 13:21,0.00127064803049555,2067
13,2020VV,12,2050-10-11 10:13,0.00201207243460765,2044
14,2022UY14,30,2043-04-28 22:24,0.0000306006915756296,2043
15,2022UE3,40,2093-10-13 23:51,0.000105008925758689,2093
16,2014CR13,25,2108-02-11 19:52,0.000364033491081179,2102
19,2006JY26,8,2074-05-03 00:47,0.00636942675159236,2073
20,2017WT28,8,2104-11-24 16:31,0.00680272108843537,2083
23,2021EU,29,2056-08-29 02:45,0.0000458001282403591,2024
25,2013VW13,20,2080-11-08 16:20,0.000232018561484919,2076
26,2007VE8,29,2062-11-06 02:54,0.00011001100110011,2062
28,2020VW,7,2074-11-02 20:35,0.0037593984962406,2074
30,2010CR5,400,2062-01-01 02:04,0.0642936367564811,2051
31,2022NX1,8,2075-12-04 19:06,0.0037593984962406,2075
32,2020KD3,18,2083-05-26 21:12,0.000475059382422803,2083
33,2021GE2,5,2030-04-03 11:57,0.000674308833445718,2030
34,2018TY4,8,2033-10-05 16:21,0.000432152117545376,2033
35,2022YO1,4,2024-12-17 06:20,0.000422119037568594,2024
37,2022AT2,14,2080-01-14 08:33,0.000722021660649819,2080
38,2022SX55,3,2035-09-17 19:56,0.00423728813559322,2035
39,2015YJ,8,2059-12-14 08:15,0.000971817298347911,2042
40,2009BE,21,2083-01-25 02:21,0.000189000189000189,2045
41,2006DM63,16,2031-02-24 05:54,0.0000578001271602798,2031
44,2020CQ1,6,2070-02-03 04:34,0.00446428571428571,2070
45,2010UK,15,2068-10-15 10:39,0.000422119037568594,2068
46,2020MJ,30,2102-06-12 10:45,0.0000574019861087194,2091
47,2021AM6,17,2070-01-05 02:26,0.000310077519379845,2064
49,2022YS6,15,2066-01-03 06:26,0.000266028198989093,2066
50,2007FT3,400,2046-10-03 12:14,0.00218032536901292,2046
51,2017YM1,30,2091-12-16 12:46,0.0000540015120423372,2048
52,2012MF7,15,2046-06-21 21:10,0.00013700506918756,2046
53,2021EJ3,10,2103-03-16 00:40,0.00162074554294976,2078
55,2017SF20,7,2034-09-26 12:41,0.000333000333000333,2034
59,2018DQ,5,2027-02-21 16:52,0.0001230012300123,2027
60,2014ML67,50,2027-07-03 19:46,0.0161020637428872,2027
62,2021TT1,20,2048-10-09 17:15,0.0000367012882152164,2048
63,2012HG2,14,2071-02-10 04:07,0.000355113636363636,2052
64,2022WW11,15,2050-11-29 04:37,0.0000956022944550669,2049
65,2014WA201,15,2075-11-16 03:22,0.000185013876040703,2075
66,2022WF15,10,2033-11-28 14:34,0.0000951022349025202,2030
67,2021RB6,9,2080-09-09 19:38,0.000785545954438335,2075
68,2019TU,22,2099-01-27 20:48,0.000101010101010101,2094
69,2017LD,11,2066-06-10 07:30,0.000459136822773186,2053
70,2005ED224,60,2030-03-11 04:40,0.0000353480559408874,2028
71,2008HJ,25,2081-05-02 12:04,0.0000679024920214572,2077
73,2021WA1,11,2116-11-27 21:44,0.000520020800832033,2116
75,2011XC2,90,2056-12-02 09:55,0.165195186669645,2056
76,2016RD34,10,2051-05-18 21:48,0.000342114266164899,2051
77,2020XF,16,2089-11-30 12:04,0.000252016129032258,2056
78,2008EZ84,21,2073-03-09 23:41,0.0000809061488673139,2072
81,2010JH110,20,2092-06-03 17:16,0.00011401208528104,2071
83,2009TD17,10,2039-05-08 11:35,0.000142005112184039,2039
85,2021UJ6,8,2055-06-06 05:09,0.000240038406144983,2055
86,2006CM10,160,2092-08-12 11:24,0.000483048461609672,2092
87,2013EV27,14,2038-02-28 23:43,0.0000384009830651665,2038
88,2019QR3,13,2078-08-31 22:35,0.000177022481855196,2078
96,2016DK1,12,2043-02-18 02:16,0.0000968054211035818,2043
97,2016VB1,7,2092-11-08 12:19,0.00124069478908189,2065
99,2018GR4,13,2058-03-07 07:09,0.00013700506918756,2058
103,2007TC14,130,2082-10-22 10:10,0.000167317900097417,2082
104,2011AM37,4,2048-01-11 10:06,0.00168067226890756,2048
105,2016NL39,11,2079-06-29 20:02,0.000334001336005344,2055
106,2015XA378,24,2107-12-20 18:54,0.0000295002655023895,2084
108,2020BW5,18,2046-06-12 18:28,0.0000296006867359323,2046
110,2020FA5,210,2110-10-29 06:35,0.622749741884591,2110
112,2011SO189,18,2056-09-24 11:51,0.0000313008639038437,2056
114,2022UV15,22,2118-10-30 02:48,0.0000572016931701178,2072
115,2002UV36,16,2087-10-26 07:53,0.000098405825624877,2087
116,2011VG9,130,2104-11-03 20:47,0.000563020925469706,2104
117,2021KT2,7,2065-06-01 11:44,0.000418060200668896,2057
118,2012ES10,60,2059-03-05 10:45,0.127258067550833,2054
119,2023FZ3,50,2034-04-02 22:33,0.0249442028485587,2034
120,2019JO1,12,2052-04-28 02:02,0.0000408013382838957,2044
123,2021TW2,25,2102-10-10 12:11,0.0000513004668342482,2099
125,2020VB5,10,2037-11-17 16:25,0.0000348007656168436,2037
128,2017VL2,22,2098-11-09 16:24,0.0000514006682086867,2087
129,2021SU1,17,2054-09-20 21:01,0.0000447007286218765,2054
130,2016EO28,5,2035-02-28 09:50,0.000272034820457018,2035
131,2020KN2,20,2063-06-08 09:04,0.0000314001318805539,2063
136,2022WE5,11,2088-12-02 11:23,0.000215007525263384,2084
137,2018EV3,13,2121-03-06 02:35,0.000141003948110547,2081
138,2017OE7,20,2114-08-23 12:01,0.0000850051003060184,2114
139,2014JR24,5,2069-05-01 22:19,0.00124069478908189,2069
140,2022OH2,12,2097-08-03 22:41,0.000244021473889702,2088
143,2011MX,15,2081-06-19 08:11,0.000062402496099844,2070
144,2017RV2,20,2094-09-10 07:27,0.00005500247511138,2082
147,2022UO28,9,2089-10-28 11:28,0.000243013365735115,2087
148,2022UL11,5,2103-10-24 21:40,0.00124069478908189,2096
150,2021SQ,7,2062-09-20 22:02,0.000273000273000273,2062
151,2007KO4,80,2046-11-23 22:02,0.00429823261276705,2030
152,2020WG5,10,2086-11-25 01:18,0.0002210433244916,2086
153,2010DG77,315,2066-01-05 18:31,0.000770320268517545,2032
154,2013GM3,20,2073-04-13 21:31,0.0000288001843211796,2028
159,2021EL3,6,2101-03-07 01:18,0.000785545954438335,2088
160,2021EO2,9,2037-03-25 05:52,0.0000540015120423372,2037
161,2016SA2,8,2120-09-25 20:01,0.000486144871171609,2110
166,2011EB74,15,2054-03-16 12:19,0.0000325002437518281,2033
168,2020BK3,15,2091-01-20 21:00,0.0000587026709715292,2091
169,2022YW6,6,2046-12-22 03:12,0.0000447007286218765,2046
170,2017PY26,120,2111-08-19 03:33,0.000288604030570254,2107
172,2015KG158,8,2071-05-14 21:29,0.000209030100334448,2045
176,2000LG6,6,2088-05-27 05:44,0.000797448165869218,2082
182,2019SJ,11,2095-09-16 20:50,0.00011001100110011,2062
183,2010XB,4,2036-11-30 06:03,0.000108003024084674,2036
187,2021RF16,6,2052-09-16 11:39,0.00024703557312253,2049
189,2020VN1,9,2115-11-03 04:45,0.000301023479831427,2115
190,2011SM173,10,2058-09-22 03:54,0.0000482020630482985,2058
193,2014OM207,5,2101-07-25 21:35,0.000646412411118293,2101
194,2021UT5,8,2096-10-30 04:21,0.000202020202020202,2075
195,2020ED,15,2096-04-15 17:55,0.0000563031360846799,2096
196,2005CC37,100,2117-01-13 15:54,0.0477915891481683,2117
200,2018NJ,10,2083-07-10 01:29,0.000133014099494546,2083
202,2017FN1,2.7,2033-03-20 22:58,0.000210039907582441,2033
203,2019LW4,12,2083-06-08 18:50,0.0000578001271602798,2083
205,2018XQ2,8,2091-01-06 08:43,0.000219010074463425,2068
206,2020GZ2,8,2049-04-20 00:47,0.0000595025586100202,2049
212,2010HV20,465,2116-05-05 13:50,0.0858977106838146,2116
213,2007UN12,6,2089-09-18 03:02,0.000460193281178095,2089
214,2022SA11,6,2097-09-18 05:30,0.000374111485222596,2076
215,2016CD30,10,2070-01-31 17:21,0.0000539025442000862,2056
216,2019SX,4,2077-09-21 08:08,0.000393081761006289,2046
218,2017SH33,700,2026-04-30 08:35,0.0333018648109539,2026
219,2018NW,10,2117-07-09 03:35,0.0000623014142421033,2067
220,2021FM2,3,2070-03-21 09:03,0.00092678405931418,2050
222,2020UO4,7,2120-10-20 13:26,0.00049800796812749,2118
224,2009CZ1,40,2058-02-19 01:03,0.0187581334156984,2058
225,2017UL7,50,2041-03-19 22:49,0.00282299546329906,2041
226,2022KV6,60,2070-05-27 10:05,0.00161325452269977,2070
227,2021XV,3,2045-11-30 05:26,0.000360100828231905,2045
228,2018GE2,14,2074-10-31 09:33,0.0000318005469694079,2060
231,2014QC391,11,2100-09-07 05:56,0.0000796051584142652,2085
239,2022KK2,7,2060-05-19 08:52,0.0000618008775724615,2060
241,2008KO,50,2052-06-01 14:22,0.000948977469654014,2049
247,2019NO2,8,2102-07-04 02:17,0.000154012012937009,2102
248,2020XA6,50,2073-12-11 08:38,0.00711853980756327,2057
250,2011BL45,13,2071-08-01 12:05,0.0000377002827521206,2050
251,2005NX55,140,2086-01-02 05:57,0.000255550537958787,2025
252,2013RO30,7,2090-09-04 21:18,0.000141003948110547,2083
254,2008ST,14,2116-09-25 15:45,0.0000613008030405198,2056
256,2019UT,9,2106-10-25 12:55,0.0000950028500855026,2103
259,2004GE2,190,2106-05-03 01:58,0.000244840407710121,2103
261,2022UT16,15,2105-10-25 17:44,0.000033500837520938,2083
262,2019NF7,9,2080-07-07 22:36,0.0000752049334436339,2080
265,2022EF3,10,2088-03-06 06:15,0.0000528010982628439,2088
266,2008EV84,30,2041-03-07 15:56,0.48031852743314,2041
268,2016DA31,4,2031-09-04 20:12,0.0000642013353877761,2028
269,2021DR,10,2089-02-07 16:34,0.0000797003267713398,2058
270,2021XU5,5,2059-06-08 00:24,0.0000949036727721363,2040
271,2005WG57,70,2029-08-21 04:17,0.0558677741680771,2029
272,2005TM173,60,2052-11-16 01:43,0.0113319661410093,2022
274,2010GH7,8,2120-04-01 17:26,0.0000644039415212211,2099
276,2022FP2,7,2054-03-07 10:48,0.0000668002672010688,2054
278,2010CS19,9,2104-02-13 15:55,0.000098405825624877,2104
283,2012DJ54,7,2068-02-24 13:55,0.0000965064659332175,2068
284,2018FE4,40,2098-09-26 04:19,0.596267326879216,2085
288,2021RF12,9,2068-09-10 12:35,0.0000360010080282248,2055
291,2010UH,14,2115-07-14 11:26,0.0000373009064120258,2047
302,2007PR25,150,2118-08-19 23:14,0.0000643378364919052,2094
304,2019FA,6,2036-03-14 11:16,0.0000342008960634769,2036
305,2011FQ6,10,2075-03-23 23:31,0.0000309004387862308,2053
307,2009WR52,8,2060-11-22 13:00,0.0000598014591556034,2031
308,2015MN11,40,2081-06-26 12:41,0.0116596155724473,2081
314,2022XX,6,2096-12-13 23:22,0.000166002656042497,2090
316,2016GK2,10,2096-03-26 17:38,0.000047001316036849,2092
320,2007UD6,8,2067-10-18 22:37,0.0000625039064941559,2061
321,2020GO1,10,2109-04-02 20:56,0.0000536020583190394,2074
323,2015JJ,140,2119-11-07 05:57,1,2111
327,2023FH7,6,2073-04-01 00:35,0.0000884016973125884,2073
332,2017SA20,8,2072-04-22 15:49,0.0000649013499480789,2031
334,2013GA55,10,2114-04-06 00:58,0.0000443007132414832,2070
339,2016NK22,6,2111-07-14 06:02,0.000190005700171005,2089
344,2016RR1,10,2100-09-03 12:38,0.0000473014521545811,2079
345,2015BE511,7,2078-01-27 11:00,0.000068903741473162,2057
350,2021VB2,8,2072-11-08 23:14,0.0000462000462000462,2072
352,2022AP1,7,2076-01-03 04:12,0.0000444010301038984,2059
353,2013NH6,80,2060-06-29 19:34,0.0163339967288101,2060
359,2010TW54,11,2103-10-10 08:02,0.0000303002757325092,2074
360,2022PX1,120,2040-08-11 15:55,0.000450390964595849,2040
363,2021CZ7,8,2117-02-18 04:44,0.0000747049155834454,2040
364,2018BL11,8,2107-01-22 18:55,0.0000536020583190394,2107
366,2022MK1,60,2099-07-19 16:41,0.0533180642397214,2099
369,2022UU14,40,2077-06-21 15:04,0.0000483072458964336,2060
371,2020BB5,4,2107-01-23 02:03,0.000307031010132023,2092
379,2021UX1,5,2082-10-25 04:05,0.000172028212626871,2034
380,2022BY39,4,2107-01-22 17:22,0.000511247443762781,2107
381,2022HO2,28,2065-05-01 00:29,0.370431539178355,2065
385,2020WD,8,2085-09-30 10:19,0.0000480007680122882,2055
391,2023ES1,10,2106-05-07 21:57,0.0000342008960634769,2047
392,2020VO1,9,2085-11-07 20:44,0.0000328008659428609,2068
393,2022JV1,11,2116-05-11 17:45,0.0000304006809752538,2074
397,2020AO1,60,2049-01-13 17:15,0.0233898387214554,2049
398,2020FZ2,30,2118-03-29 03:48,0.158039828518978,2110
401,2015XX378,40,2118-12-24 17:05,0.11694557005545,2118
404,2012VJ38,7,2077-11-14 15:41,0.0000514006682086867,2031
408,2020QF1,7,2102-08-14 22:25,0.0000514006682086867,2102
411,2016CG18,7,2062-08-07 04:20,0.0000373009064120258,2062
414,2021CH37,9,2120-02-19 03:44,0.0000412014338098966,2120
416,2020CF2,11,2112-02-10 22:54,0.0000308005051282841,2108
423,2009WQ25,60,2094-10-27 14:39,0.0000456316284635415,2094
424,2008VM,3,2031-11-04 17:35,0.000036600541688017,2031
426,2015XR169,6,2062-12-13 16:23,0.0000367012882152164,2050
427,2016EM156,9,2116-03-19 15:09,0.000032100667693888,2116
435,2019FE,50,2106-03-18 05:29,0.00323712829739068,2095
441,2016AB166,50,2108-01-13 08:04,0.00017210950694328,2106
442,2008TE,10,2023-09-25 11:01,0.00282299546329906,2023
446,2007YM,22,2026-11-29 03:37,0.000078762087026392,2024
447,2010UC7,43,2118-11-06 08:53,0.0266252357343358,2112
449,2005BS1,12,2024-01-14 10:29,0.000078762087026392,2024
450,2017FW90,8,2119-10-03 15:15,0.0000443007132414832,2101
452,2020TS1,5,2121-10-10 07:01,0.00013700506918756,2121
453,2004VZ14,30,2076-11-01 21:39,0.0113319661410093,2076
454,2011SE191,30,2118-09-23 12:45,0.144785637133875,2098
460,2010UY7,7,2109-01-01 13:16,0.0000569022419483328,2066
464,2022CE5,80,2111-11-12 05:10,0.0000496271674403902,2103
466,2020YM1,4,2091-12-24 01:32,0.000161004669135405,2091
469,2006WV29,18,2036-06-04 07:51,0.004096,2036
475,2006CD,300,2026-07-12 07:52,0.00110811177310423,2025
479,2022LL1,27,2118-06-12 20:57,0.0386215161362424,2118
482,2020BY4,21,2055-01-31 00:14,0.014719456800847,2055
488,2016WY,5,2097-11-11 10:03,0.0000955018622863146,2091
491,2021CU1,7,2108-02-13 20:12,0.0000401010546577375,2059
493,2019SO7,80,2114-10-13 13:24,0.110396684324775,2114
497,2022GA2,5,2049-04-07 13:38,0.0000317007449675067,2049
500,2012KP24,18,2032-05-28 14:05,0.000833094753745647,2032
510,2022TW2,7,2109-10-11 17:00,0.0000468011419478635,2071
513,2022KM6,21,2065-06-07 14:24,0.0284399318117886,2065
516,2020GA3,30,2089-04-23 04:57,0.000985472311816802,2054
519,2004FU162,7,2025-03-31 22:23,0.11694557005545,2022
520,2011BP40,29,2037-02-16 15:08,0.000255421210872864,2031
525,2022BT,4,2094-01-23 04:36,0.000149009089554463,2080
527,2011QF48,30,2067-08-26 23:57,0.000104182421545962,2067
529,2022AE6,24,2084-01-25 14:59,0.942045235254207,2084
536,2021DG,3,2050-02-19 01:54,0.0000410004100041,2044
538,1997UA11,30,2073-10-24 02:05,0.00241559497640104,2073
539,2009WW7,6,2108-11-20 01:05,0.000046600493965236,2050
542,2018GS3,24,2119-10-08 03:47,0.207176211033003,2119
543,2022YM1,5,2117-12-03 02:38,0.0000839066957543212,2091
546,2015CL13,26,2090-02-15 16:09,0.0693828938912611,2090
549,2023BU7,2.6,2085-07-09 19:24,0.00031104199066874,2074
550,2022YP2,40,2114-12-20 02:57,0.00276014839478233,2114
557,2017RN16,5,2104-09-11 21:44,0.000047001316036849,2076
561,2004RU109,18,2038-09-14 06:01,0.00302179855413098,2038
564,2020PJ6,27,2074-05-09 15:09,0.318630817710357,2074
566,2017AY20,220,2027-11-04 19:02,0.00526178324697318,2027
568,2012CL17,26,2108-02-07 05:27,0.00750497699114282,2098
570,2009HC,40,2113-04-11 09:42,0.0181883093362308,2095
571,2022OB5,6,2109-01-10 21:37,0.0000526011256640892,2087
572,2008EM68,11,2025-03-11 06:06,0.0000859722481722292,2025
575,2004FY3,30,2122-03-20 00:13,0.0101243987260191,2122
576,2017DG16,5,2084-02-25 01:22,0.0000506021657726951,2079
577,2004BN41,25,2098-02-05 06:33,0.790314525730146,2098
578,2008LD,6,2113-05-31 00:31,0.000043800096360212,2054
581,2007VH189,80,2037-10-31 04:37,0.000189206995062368,2037
583,2014MB6,20,2075-07-08 21:19,0.158039828518978,2052
584,2019UL,6,2112-10-09 13:39,0.0000383009690145161,2062
588,2008OO1,40,2107-07-23 14:00,0.000051763238731939,2107
589,2017QT1,15,2050-01-30 17:06,0.0113319661410093,2050
590,2022AU,5,2096-01-04 09:46,0.0000384009830651665,2089
595,2015FA345,50,2046-03-16 23:25,0.000759924728654473,2024
596,2012EP10,5,2096-02-21 13:07,0.0000469021152853994,2072
603,2022OZ5,40,2110-04-13 12:22,0.000694967244413335,2098
604,1997TC25,40,2096-09-28 05:05,0.000321825033053899,2067
607,2022JK,16,2093-10-29 21:54,0.107594974407535,2093
610,2021ST,22,2097-10-11 13:59,0.666342223816512,2068
612,2022YL8,21,2083-12-19 06:09,0.00881990515709027,2083
616,2019CZ1,50,2112-01-30 17:09,0.0313395721868954,2112
619,2023CA3,14,2053-02-19 02:17,0.352142328513451,2053
621,2011CW46,40,2055-08-15 14:06,0.00932733812114397,2032
622,2019XV,5,2100-10-30 13:32,0.0000437005637372722,2062
623,2019YM,22,2117-12-21 04:58,0.037301249618461,2117
624,2019CZ2,40,2044-01-29 21:19,0.0389242389317142,2044
625,1993UA,29,2111-10-21 04:53,0.0165962075885945,2111
630,2019YV1,30,2119-06-20 08:19,0.0266252357343358,2101
631,2022QN6,18,2066-08-25 12:11,0.887971382186192,2066
632,2015FF36,18,2073-05-21 09:27,0.704960540439676,2049
633,2018QS,20,2084-08-13 11:01,0.352142328513451,2084
642,2020RJ2,5,2087-10-18 12:16,0.0000334001336005344,2087
643,2016LG10,28,2108-06-06 00:52,0.015625,2108
645,2020HF,30,2110-04-16 20:36,0.00288751837364092,2089
647,2021RP2,3,2065-09-08 21:19,0.0000637023824691043,2050
648,2008BC15,17,2094-07-22 19:35,0.0444779036424534,2072
650,2012CU,22,2100-02-01 19:22,0.0618895399014256,2067
651,2014HJ198,18,2034-04-21 14:35,0.0742034306258863,2034
653,2017KQ27,24,2117-06-06 13:38,0.0574175614422397,2117
656,2004XB45,20,2035-12-18 01:53,0.813091511343353,2035
657,2020HW7,13,2044-12-06 16:24,0.288781475708009,2044
662,2017WE28,16,2057-11-23 09:20,0.13864723036424,2039
663,2020XV6,100,2099-12-11 19:06,0.000436871800102788,2099
665,2020PU1,18,2070-12-08 16:51,0.303278075786418,2066
666,2021CC7,4,2100-02-11 13:46,0.0000554016620498615,2100
674,2021RM10,30,2088-09-21 08:43,0.000120427291082171,2058
675,2006DN,50,2056-04-22 00:59,0.0858977106838146,2056
677,2014JV79,30,2023-11-14 15:21,0.0640098926366042,2023
678,2006QK33,70,2116-08-20 10:57,0.0000715752210954574,2116
682,2007EN88,18,2104-03-13 12:34,0.303278075786418,2084
684,2021GT,20,2072-04-09 02:27,0.00578799279966179,2072
686,2014WC201,21,2119-12-05 09:30,0.13864723036424,2098
690,2012BK14,11,2027-01-15 09:15,0.00381308839273278,2023
691,2007SN6,40,2059-09-18 15:11,0.0183732986967789,2022
693,2017HZ4,24,2106-05-30 23:38,0.0810846174955253,2091
695,2004FM4,40,2119-03-23 07:51,0.481658410890803,2119
697,2014HE199,30,2039-04-13 21:44,0.00006103515625,2030
698,2021EF3,5,2109-03-01 11:10,0.0000351000351000351,2109
699,2021XZ2,21,2113-12-14 07:49,0.00276014839478233,2113
700,2023DX,23,2102-07-15 08:26,0.0039047816640837,2100
704,2013RR43,30,2050-09-08 18:02,0.0145493091444458,2050
705,2013UR1,10,2050-10-21 19:10,0.0513968983865085,2043
714,2020GZ1,14,2099-04-03 00:20,0.0241502891384003,2039
715,2008HC38,21,2029-04-23 02:39,0.00084075826090919,2029
717,2015HR182,200,2073-10-17 14:39,0.0516258003701346,2053
718,2022WQ6,19,2074-12-08 20:24,0.00536552959047379,2070
720,2005UA1,19,2036-10-19 18:37,0.759917813202063,2036
726,2016NP56,20,2058-01-14 00:24,0.00770734662925894,2024
728,2021LC4,18,2122-06-13 00:15,0.0991050971316995,2112
729,2019CJ4,29,2116-08-19 17:11,0.000572826566258212,2075
730,2021TX2,30,2115-10-18 16:25,0.0000989195843108876,2115
732,2018WJ,10,2045-11-17 22:13,0.0138745528466593,2045
735,2020TF6,11,2056-10-20 06:26,1,2056
736,2022GF17,16,2121-04-06 05:27,0.303278075786418,2065
738,2017DW119,16,2067-01-17 16:16,0.0284399318117886,2029
739,2022SL4,23,2118-09-10 21:51,0.00198840730548176,2118
740,2001YN2,40,2079-12-16 04:55,0.0207088156494605,2079
745,2001HJ31,60,2122-04-12 03:10,0.00635227743236995,2119
747,2016AU193,30,2109-12-31 16:10,0.583490395262134,2109
748,2018WH,4,2089-11-16 03:40,0.000032,2053
751,2021XP2,27,2081-12-05 15:09,0.00014358576229273,2081
752,2016UB26,40,2066-03-14 10:41,0.0010337634437387,2066
757,2017HJ61,6,2029-04-22 20:41,0.0951545823995921,2029
759,2022GP,19,2103-04-11 03:50,0.00241559497640104,2087
760,2019WF24,10,2061-11-21 11:49,0.3898385917402,2061
761,2021UW1,21,2104-11-01 08:46,0.00282299546329906,2092
762,2021FP2,3,2113-03-24 22:51,0.0000464015590923855,2074
763,2021AH,7,2043-01-05 00:00,0.151243457524941,2043
765,2021TO6,50,2100-07-24 07:55,0.0858977106838146,2100
770,2006UC64,40,2069-04-18 12:57,0.000779267256993258,2069
774,2022WM6,10,2071-11-26 18:40,0.158039828518978,2071
776,2020BH3,21,2104-01-24 19:27,0.0165962075885945,2059
777,2021VP11,1.5,2038-11-09 23:37,0.0000502008032128514,2028
779,2022DO3,15,2115-02-28 09:02,0.262144,2086
780,2007UT3,25,2075-08-29 00:11,0.0000390122521423712,2062
783,2011EL40,18,2120-03-11 01:20,0.00711853980756327,2073
784,2002EM7,50,2117-03-09 06:30,0.0558677741680771,2117
785,2016CL18,60,2094-08-11 00:13,0.00022492276519281,2033
786,2005UL6,40,2084-11-04 14:39,0.00173315831159962,2084
789,2015VK1,18,2103-11-01 22:50,0.00451221055793765,2103
792,2012XH,22,2121-11-12 19:28,0.0360333392300612,2095
794,2022WC,19,2060-11-14 06:01,0.198338116270918,2060
795,2022SD29,18,2110-09-16 11:47,0.432327595911556,2110
798,2016JO38,40,2117-09-23 14:28,0.665057113622336,2099
799,2018FY2,25,2046-02-26 03:21,0.000198418927597964,2046
800,2020QJ5,15,2056-08-16 14:36,0.00186608249931386,2056
801,2008EL68,10,2027-02-25 23:58,0.00730877945077363,2025
804,2020CE1,25,2121-01-25 01:33,0.000101511221535962,2121
808,2006AU3,19,2105-01-15 01:01,0.0226492019640032,2105
811,2010TN55,14,2111-10-12 22:56,0.0033128472788441,2074
812,2012BW13,13,2095-01-27 14:25,0.596267326879216,2072
813,2012XL55,14,2025-12-08 23:47,0.0000890277771906635,2025
821,2009SD15,15,2121-09-15 15:01,0.112156654784615,2081
823,2022AT1,20,2122-01-04 19:39,0.0025811747917132,2122
825,2021PA15,20,2114-08-06 06:57,0.00593735239965165,2114
826,2011EC,27,2051-05-24 19:26,0.187660968483244,2051
827,2022YE,40,2067-12-19 08:53,0.0000589410174451023,2064
828,1991BA,7,2032-01-19 17:37,0.0533180642397214,2026
834,2020UC4,21,2118-06-19 01:01,0.00288751837364092,2084
837,2008LE,40,2035-05-23 23:30,0.00100706254025343,2028
838,2017MD1,40,2072-02-10 03:09,0.000884833324689024,2067
840,2016TC57,14,2112-10-14 08:58,0.887971382186192,2112
842,2019RQ2,29,2080-12-24 05:24,0.248588586710179,2080
844,2008BN16,23,2083-01-21 22:33,0.248588586710179,2067
845,2021EP3,16,2113-03-16 06:32,0.000593041969700351,2101
848,2023CC3,15,2061-01-27 19:41,0.00323712829739068,2043
850,2012SU9,13,2111-01-11 14:09,0.704960540439676,2084
851,2017SS12,13,2089-09-24 20:32,0.112156654784615,2074
852,2019MT2,18,2109-07-07 03:28,0.00295376839162242,2109
853,2020SY4,12,2097-09-30 08:45,0.127258067550833,2069
854,2013HN158,40,2053-04-12 00:42,0.000250129970207278,2053
855,2022YY5,29,2070-06-15 04:08,0.000407287540465957,2070
856,2021VQ10,13,2055-11-07 13:22,0.000316816182198877,2054
859,2015QS8,15,2116-08-25 06:18,0.189041177063835,2116
863,2021RN,16,2105-09-02 05:35,0.00117137432599967,2105
865,2012HE31,23,2100-09-14 18:54,0.0000679780662828832,2046
867,2000SZ162,13,2070-06-22 13:43,0.151243457524941,2066
868,2011SE58,11,2055-09-27 16:11,0.00295376839162242,2042
870,2007VC3,40,2098-10-27 15:20,0.00635227743236995,2098
872,2020TD5,17,2118-10-09 03:13,0.0199614749360314,2118
877,2018LD1,19,2116-09-19 06:29,0.00212018999294598,2088
878,2022RJ2,14,2080-09-12 05:35,0.000593041969700351,2072
880,2006HE2,18,2081-10-06 10:21,0.00212018999294598,2065
881,2021VM22,12,2094-11-09 08:09,0.564473930053777,2090
883,2010VN1,8,2054-11-02 22:58,0.790314525730146,2050
888,2018JL1,16,2114-05-15 15:33,0.077956335335962,2112
889,2021WM4,10,2081-11-29 01:49,0.0533180642397214,2075
890,2009WJ6,11,2049-11-20 12:41,0.0000696495771847503,2049
891,2018AL12,40,2119-08-07 11:20,0.000884833324689024,2119
892,2005TH50,9,2055-11-30 08:15,0.630169626883105,2055
894,2010VO139,18,2065-11-11 01:19,0.813091511343353,2043
896,2021PM1,30,2056-10-03 03:15,0.000862474096287302,2056
898,2022SJ28,19,2116-10-04 21:32,0.0006360243254628,2104
901,2019FU1,12,2098-03-26 10:41,0.00288751837364092,2091
902,1998BT13,20,2032-01-23 07:46,0.000907857470812144,2032
903,1993HP1,14,2065-04-26 15:39,0.000127054732955551,2065
905,2014FE,11,2081-03-17 03:39,0.00168117147511774,2054
907,2021WL2,15,2095-12-17 17:10,0.0119983709105964,2092
908,2006DO62,7,2053-02-21 23:52,0.0618895399014256,2053
911,2011UR63,25,2110-10-19 04:03,1,2110
913,2021WZ1,16,2103-12-02 15:09,0.000359593964334705,2103
914,2017DP109,15,2086-03-02 03:43,0.000451810987847097,2057
915,2020TD8,14,2096-10-27 21:26,0.014719456800847,2096
916,2020YM3,22,2105-06-28 04:29,0.00017210950694328,2105
920,2021AL1,30,2105-05-13 01:04,0.0125057215416473,2105
922,2017UQ7,30,2121-10-24 04:16,0.0157126695092755,2096
923,2021EA,9,2058-03-02 22:56,0.0574175614422397,2058
924,2018MC7,20,2120-06-20 23:10,0.00137174211248285,2120
925,2015HO182,19,2046-04-10 22:49,0.00703927180201564,2046
926,2023GE,11,2122-04-07 01:26,0.23832942997372,2122
928,2010UE,4,2031-10-16 17:51,0.00194662092224905,2031
929,2019WU,14,2108-12-05 05:48,0.014719456800847,2073
930,2012MY2,19,2117-08-12 19:47,0.00282299546329906,2117
934,2019AK12,11,2119-01-14 15:09,0.0325207386932986,2119
937,2019KL,18,2062-05-25 19:41,0.2097152,2062
944,2014QN266,20,2078-08-23 17:19,0.000028852493411369,2078
945,2019UB2,24,2081-10-24 12:32,0.279081647233653,2081
946,2016EV84,16,2080-03-11 06:38,0.000220005503343508,2056
947,2016JN38,5,2039-05-02 02:58,0.00106349138144327,2039
948,2019KT,17,2110-05-29 17:33,0.00013052754787324,2110
949,2021GW6,8,2057-04-08 14:17,0.000377348267787504,2057
951,2018EZ2,17,2118-03-15 11:52,0.000483048461609672,2118
952,2021GW1,11,2082-03-29 23:40,0.00658154902509555,2082
954,2017RX17,19,2085-09-05 19:36,0.248588586710179,2040
958,2020AR1,13,2121-01-14 11:12,0.0386215161362424,2072
959,2017OO1,40,2115-07-22 15:14,0.0000797581172246385,2115
960,2018EL4,30,2115-03-08 16:19,0.26333125430608,2102
961,2016CE31,11,2119-07-24 04:38,0.410442254667416,2101
962,2017YC6,23,2080-12-28 04:19,0.0100253336914072,2080
963,2021SF1,13,2103-12-05 17:43,0.0461000262957956,2091
965,2016TT,22,2088-09-26 13:02,0.375937039923093,2062
966,2022BF,13,2099-01-27 12:20,0.00110519183013556,2097
969,2015EG7,12,2093-03-23 07:39,0.00216636297444126,2090
971,2015VN64,11,2088-11-03 17:21,0.00124222699842117,2088
972,2022DA3,10,2077-03-01 20:59,0.0294011941118581,2071
973,2013QM48,12,2097-08-23 13:44,0.037301249618461,2096
974,2021JF4,110,2064-11-01 23:14,0.000351286699041433,2064
975,2006BB9,26,2113-01-16 22:08,0.0778865658226494,2057
976,2022KC3,17,2115-08-21 17:24,0.00207516107234231,2105
977,2018WE,8,2057-11-20 08:57,0.0219396237257707,2057
978,2021FU,12,2088-03-27 09:02,0.00693405218771602,2086
979,2019SG1,10,2064-09-25 05:41,0.000156004231716639,2064
986,2017TT3,26,2059-06-14 23:36,0.000552484425582114,2059
988,2009SH2,40,2119-09-28 21:02,0.0116082665215718,2119
989,2022SH10,21,2120-09-17 10:04,0.0444762140328597,2120
992,2017RJ2,11,2119-09-18 10:52,0.00381308839273278,2102
994,2018DU1,10,2118-03-03 12:58,0.837484256683654,2088
995,2022YL,19,2115-06-21 09:56,0.000134111612374497,2115
1001,2006UQ216,12,2115-02-15 16:24,0.0461000262957956,2077
1002,2019CM5,9,2099-02-02 02:43,0.534640836088791,2065
1005,2022TX1,70,2111-09-16 04:13,0.0604913455519821,2109
1006,2016GS134,10,2070-03-31 14:20,0.000948977469654014,2070
1007,2021UG2,9,2103-10-27 13:38,0.0325207386932986,2075
1008,2017KB3,30,2117-11-22 07:01,0.000332271019108758,2100
1009,2020DQ16,10,2103-02-18 23:15,0.0513968983865085,2080
1011,2019UB8,6,2057-10-30 11:35,0.564473930053777,2053
1014,2022QD8,25,2102-09-02 18:03,0.000862474096287302,2102
1016,2009SU104,27,2109-01-28 19:47,0.0019987389916127,2109
1017,2014UY57,13,2090-10-15 02:32,0.000279859114483238,2079
1018,2020FD,10,2043-03-19 00:33,0.279081647233653,2027
1019,2020PC,9,2074-07-16 18:50,0.121974749171017,2056
1021,2014EU,10,2117-03-03 00:51,0.197866479191792,2083
1023,2021YB,11,2120-12-22 12:13,0.0810846174955253,2099
1025,2016TQ54,12,2096-10-02 20:54,0.000803076537289195,2082
1026,2015JC1,14,2068-05-11 22:46,0.583490395262134,2068
1027,2021CD,13,2118-01-28 14:31,0.00129224312106201,2118
1028,2022OC4,11,2113-11-14 02:18,0.0151643449682759,2087
1030,2019VE4,9,2091-10-30 05:31,0.0205968021154495,2091
1035,2005UC3,13,2109-10-05 05:18,0.00035389378068755,2074
1036,2021OE1,20,2091-08-03 11:37,0.128904005152438,2091
1038,2021WU4,40,2087-05-27 04:36,0.0961970187704765,2087
1040,2022SJ9,12,2071-12-20 04:08,0.0000390122521423712,2071
1041,2008CM74,9,2091-07-03 10:26,0.172731366904268,2065
1043,2011EM40,9,2054-09-12 21:11,0.000101511221535962,2054
1044,2012UE,7,2053-10-20 13:58,0.000788541604642258,2040
1050,2018CN,18,2082-02-07 23:46,0.00084075826090919,2082
1051,2018HW1,24,2116-04-22 00:56,0.198338116270918,2116
1052,2010CK19,9,2116-08-19 13:35,0.197866479191792,2089
1054,2022AY6,19,2084-01-19 03:37,0.000182733115011371,2084
1055,2013CY,8,2098-11-29 14:26,0.837484256683654,2078
1058,2009WZ53,50,2084-05-22 14:10,0.0000534307353834417,2041
1059,2015VL64,8,2097-11-02 16:40,0.11694557005545,2081
1060,2020WT4,10,2062-11-01 21:59,0.000682685368089661,2062
1062,2020XP3,40,2119-12-14 09:40,0.0677603615458713,2119
1063,2016FE15,6,2068-03-28 04:50,0.0294011941118581,2062
1067,2020GV2,15,2078-04-10 02:22,0.0509518531607595,2077
1070,2020UQ3,60,2112-07-26 16:17,0.0143353608329685,2112
1071,2010XU,30,2116-11-14 11:40,0.000799174497323679,2081
1072,2022WE7,9,2111-11-30 10:10,0.00106349138144327,2091
1073,2016HF3,40,2078-05-19 21:36,0.676839362028687,2078
1074,2019LA2,16,2109-12-04 18:15,0.198338116270918,2109
1075,2020UA,7,2076-10-19 12:53,0.0325207386932986,2070
1077,2009WQ52,8,2037-11-19 14:47,0.110396684324775,2037
1079,2018RJ3,10,2070-09-08 03:27,0.000195754349150897,2070
1082,2005TK50,6,2106-03-15 17:20,0.0233856992828804,2054
1085,2022GW2,9,2073-04-20 18:52,0.000733389349916038,2073
1086,2018FG1,12,2107-03-22 16:32,0.0000483072458964336,2101
1090,2015KH160,18,2119-10-05 10:24,0.090642077733687,2087
1092,2018VP1,2.4,2025-11-02 05:08,0.00564299835852431,2024
1093,2020BJ14,50,2082-01-02 06:10,0.000878746603478664,2082
1096,2020DO2,15,2088-02-12 12:27,0.000347470422131716,2083
1097,2020SX6,13,2117-09-23 17:49,0.00013052754787324,2078
1099,2020FG,9,2107-03-22 19:42,0.000156004231716639,2103
1100,2020HV5,25,2091-04-07 15:47,0.0000632147602971388,2091
1101,2021XX4,7,2118-12-14 13:21,0.0461000262957956,2118
1102,2012WR10,7,2096-07-24 10:29,0.334897976680384,2081
1103,2014KW76,9,2115-05-29 14:32,0.000444373934559197,2104
1105,2021GE6,6,2056-07-08 13:52,0.015625,2056
1106,2020KS,24,2120-11-30 00:57,0.00321972663029675,2079
1107,2010VQ98,8,2117-09-27 07:38,0.207176211033003,2117
1110,2016FC1,5,2082-03-11 08:31,0.0284399318117886,2082
1112,2017WY27,9,2116-11-25 18:02,0.00246937232060903,2062
1114,2020FU2,7,2098-03-20 15:23,0.0116596155724473,2098
1115,2021AC2,9,2079-04-06 17:55,0.000210521695791139,2079
1116,2017UW5,6,2081-10-11 00:22,0.00451221055793765,2081
1117,2020SL6,9,2108-09-28 00:40,0.000112701999218967,2108
1118,2008CE22,19,2120-02-08 16:57,0.0613332701808666,2120
1119,2017UC52,50,2112-11-26 08:24,0.00036473862787463,2101
1121,2015PS228,6,2080-03-11 08:12,0.666342223816512,2080
1123,2009XR1,5,2038-01-24 00:44,0.000880612540921042,2038
1125,2015SK7,6,2059-09-21 21:10,0.000475009002025941,2059
1126,2016DY30,2.8,2036-02-26 00:12,0.0257687327809069,2036
1128,2022OR,110,2107-08-14 13:28,0.000062833523874671,2107
1129,2020YA2,8,2121-12-10 01:06,0.0461000262957956,2120
1130,2013NR13,25,2114-07-14 21:45,0.0000386371313931427,2114
1132,2014UA176,15,2078-11-08 14:30,0.0224543698466526,2078
1133,2012TP20,10,2079-10-02 13:01,0.0000696495771847503,2064
1134,2014OP2,5,2071-07-25 14:13,0.0119983709105964,2071
1136,2021XQ4,16,2081-05-26 15:39,0.000122755230541215,2054
1137,2017FA159,7,2024-06-20 13:33,0.000552484425582114,2023
1139,2019QS,40,2096-02-20 20:57,0.000205502570211407,2096
1140,2021RO16,17,2101-04-24 12:59,0.0425306904459211,2101
1142,2012DY13,9,2074-08-23 20:59,0.710681330130121,2074
1143,2002AN129,22,2111-05-04 04:23,0.000266799449136778,2111
1144,2016BQ15,30,2072-02-07 09:07,0.000108553867186893,2072
1145,2019YE,16,2112-06-16 03:05,0.0224543698466526,2112
1146,2018MC5,30,2119-07-02 18:21,0.0000308269014279491,2119
1150,2017WF30,18,2031-02-21 21:49,0.0157588944311414,2028
1151,2016TH,5,2081-03-31 09:33,0.942045235254207,2072
1152,2019EH1,3,2064-08-21 03:58,0.630169626883105,2051
1153,2017VF14,7,2093-11-13 16:45,0.000788541604642258,2080
1154,2018BX5,6,2113-01-16 03:11,0.564473930053777,2087
1155,2021AZ6,19,2117-07-19 12:44,0.000819665065295941,2117
1156,2020NY,21,2114-07-10 07:49,0.000190391511062863,2114
1158,2016WN55,25,2084-04-24 13:55,0.0000405918648451133,2084
1159,2020XC,6,2085-05-05 18:30,0.249906026501357,2085
1160,2021LY1,8,2040-06-03 18:39,0.010396601529183,2040
1162,2010UZ7,40,2111-10-17 17:29,0.0001234793310423,2111
1163,2016UR36,11,2121-03-30 16:55,0.710681330130121,2107
1165,2021UT,5,2053-10-22 18:36,0.000967024060959775,2053
1166,2007EE26,22,2100-02-13 22:04,0.000389073249041726,2100
1167,2010BO127,500,2059-09-21 04:06,0.0117153162437572,2059
1170,2021BN,8,2108-08-04 06:16,0.00198840730548176,2079
1171,2021BO1,5,2077-01-20 03:49,0.00750497699114282,2077
1172,2021WC1,7,2077-11-28 22:02,0.0000807475848969225,2063
1173,2022DO2,9,2113-02-24 15:38,0.000255421210872864,2107
1176,2021BL2,7,2038-01-14 07:04,0.0145493091444458,2035
1179,2021JB6,6,2112-05-15 10:52,0.0219396237257707,2112
1180,2009EJ1,8,2039-11-09 05:52,0.00555219789164157,2039
1182,2012BN123,80,2074-01-02 04:21,0.0767954043276289,2074
1183,2020FM1,5,2109-03-17 17:42,0.48031852743314,2071
1184,2008SH148,21,2081-10-11 00:10,0.0143353608329685,2034
1185,2021TG14,8,2114-10-19 20:21,0.0000548650537910683,2102
1189,2003UM3,9,2086-10-13 02:16,0.151043113886864,2055
1191,2017UQ6,13,2080-08-25 06:46,0.0287901139446797,2080
1192,2006BO7,5,2060-05-22 22:10,0.000429924008251063,2060
1193,2007WT3,50,2101-11-08 01:23,0.167017325121056,2101
1194,2010UB,40,2116-10-29 07:27,0.0108617213603513,2116
1195,2022OC5,13,2111-05-04 12:28,0.0313395721868954,2111
1196,1994XM1,8,2117-12-08 23:35,0.0000317381864102,2117
1197,2006WV,13,2082-11-22 10:00,0.000113666477690983,2082
1198,2020WA1,7,2059-11-20 16:47,0.0533451430891614,2051
1199,2021VY7,5,2054-05-10 21:11,0.0000807475848969225,2044
1205,2022AB4,15,2119-01-13 15:27,0.00183423193412099,2107
1206,2023EE2,7,2113-03-11 06:59,0.000167317900097417,2065
1209,2005AU3,23,2116-01-06 16:05,0.923483222482312,2097
1210,2022RD2,7,2114-11-16 03:23,0.00440370563010614,2084
1211,2016FA14,12,2077-03-29 05:36,0.000113666477690983,2072
1213,2021NU3,6,2093-07-08 10:38,0.0000456316284635415,2093
1217,2018XX3,4,2088-12-10 14:21,0.334897976680384,2088
1218,2021AP6,16,2104-02-15 01:53,0.00121203859310971,2104
1219,2008GF1,8,2080-04-07 12:21,0.0948645061642198,2080
1220,2017FS,6,2119-09-04 05:30,0.0000441093041140479,2119
1222,2020QC,11,2041-08-19 03:00,0.102137887755746,2041
1223,2021CD8,7,2099-01-29 23:57,0.000279859114483238,2085
1224,2017TD6,13,2081-10-19 17:38,0.000220237042016828,2081
1225,2004XO63,22,2065-12-15 01:23,0.0300155575286731,2065
1227,2008CB6,14,2101-04-28 09:18,0.000884833324689024,2101
1228,2013EC20,6,2090-07-14 00:28,0.00164680457970466,2090
1229,2008US,1.9,2044-04-17 04:53,0.014719456800847,2042
1230,2016AQ164,4,2035-01-10 07:42,0.26333125430608,2035
1231,2016DF1,50,2118-07-28 01:37,0.332884833382522,2118
1232,2022UA5,4,2072-07-23 12:02,0.0721123769626371,2072
1234,2020BY11,9,2120-01-25 21:04,0.333195377555726,2120
1235,2020HN3,4,2118-10-22 06:19,0.3898385917402,2092
1236,2008EK68,4,2063-03-04 09:13,0.942045235254207,2029
1237,2021GU12,9,2097-04-06 23:18,0.0948645061642198,2047
1239,2019KY3,17,2097-06-01 06:24,1,2097
1240,2023CG4,5,2108-02-07 18:15,0.0006360243254628,2108
1241,2023BZ,16,2026-12-28 09:44,0.591898463530025,2026
1242,2011DE5,18,2106-02-27 00:14,0.789409234313936,2106
1243,2013VJ13,60,2099-10-30 09:28,0.000733257025198125,2099
1244,2019GP21,4,2101-04-02 01:11,0.0165962075885945,2072
1245,2021XC2,4,2085-12-05 23:16,0.00641316022917837,2082
1246,2022AO1,4,2114-01-05 17:59,0.00231208521750027,2113
1247,2020SC,16,2092-09-16 09:03,0.0434416464570819,2079
1248,2016JA,11,2118-09-27 09:20,0.0264749426443175,2074
1249,2012CS46,10,2106-02-27 10:22,0.0509518531607595,2095
1251,2022SZ9,8,2090-10-06 17:27,0.759917813202063,2090
1253,2022JK2,9,2081-05-03 16:04,0.0120474478531932,2081
1254,2020DP14,3,2083-02-17 14:09,0.18067170965114,2056
1255,2023CH3,60,2120-03-18 22:00,0.0484002582470509,2116
1256,1993KA2,6,2060-11-10 00:22,0.000671075864717302,2060
1257,2019JH7,4,2114-05-17 11:03,0.00791611126839563,2114
1258,2022CB3,2.8,2087-02-07 04:58,0.0123486644645335,2075
1259,2009VT1,4,2081-10-11 00:46,0.000593041969700351,2064
1260,2019UN8,4,2105-05-30 02:00,0.000093964313184754,2097
1261,2021XV4,7,2103-05-31 10:33,0.0176628175895042,2090
1262,2022BO1,11,2119-01-29 04:02,0.000146412131180326,2119
1266,2021WU,21,2106-11-24 21:43,0.00163516316619182,2106
1267,2005WN3,4,2024-04-15 09:46,0.00459146659682718,2024
1268,2021XK3,13,2062-11-30 22:12,1,2062
1269,2019SO6,26,2077-02-06 14:41,0.500248967131459,2077
1271,2011CA7,3,2062-02-19 17:27,0.000914049689734585,2062
1272,2021VN3,2.7,2069-08-26 19:38,0.014719456800847,2069
1273,2021LK6,7,2086-06-10 02:46,0.00388377519998544,2081
1276,2022GB,5,2122-03-31 21:28,0.000733389349916038,2121
1277,2007WW3,60,2031-11-14 16:29,0.1073741824,2031
1278,2018LE1,10,2102-05-26 20:55,0.00183423193412099,2102
1280,2014OQ392,110,2104-10-12 08:37,0.00212952486780452,2104
1285,2022WC11,8,2119-11-21 17:48,0.0389242389317142,2118
1286,2022CL7,4,2122-02-14 07:39,0.000774312661253467,2067
1287,2020DN3,15,2107-02-25 02:47,0.266038163730505,2107
1289,2021GL16,20,2111-04-09 02:26,0.130401419085844,2111
1290,2015FH37,40,2115-03-30 12:28,0.031199238013293,2113
1292,2022BK7,80,2075-01-10 12:38,0.558394776915118,2075
1293,2019JX1,5,2102-05-03 08:33,0.333195377555726,2102
1296,2020KJ4,4,2106-05-27 02:37,0.00497860652672433,2078
1297,2021LL15,19,2074-05-25 23:56,0.000250038643111735,2074
1298,2013NJ4,12,2108-07-09 11:14,0.00006103515625,2108
1299,2021UL7,24,2114-04-04 13:49,0.00308362982153881,2095
1301,2023ET1,4,2111-11-11 21:22,0.000123689238568682,2089
1302,2022OK,8,2120-07-20 15:28,0.099746208895137,2120
1304,2021TK11,7,2067-10-13 17:32,0.000479166173288021,2064
1305,2020TG6,5,2059-10-19 00:48,0.0000471697226869632,2045
1306,2022KF6,24,2106-05-31 17:22,0.0000339102846798935,2106
1307,2022UN1,12,2075-10-17 13:58,0.00519447341523691,2075
1308,2021DN1,8,2121-02-19 15:01,0.00400904779867739,2121
1309,2022UE61,9,2120-10-11 19:59,0.000623486024057146,2117
1310,2012EZ1,6,2107-11-07 03:48,0.00899927452978128,2057
1313,2020TW,11,2112-09-28 16:13,0.0000487921143763658,2112
1314,2017QJ2,20,2062-02-13 08:09,0.307507942851545,2062
1315,2022KO3,9,2116-05-28 11:56,0.000190391511062863,2098
1316,2021TN14,7,2120-10-14 08:50,0.00441348711541201,2089
1318,2016NC56,14,2114-07-08 11:21,0.0350954888744483,2114
1319,2021BP1,4,2118-01-14 05:26,0.0000483072458964336,2110
1320,2007EE126,27,2092-07-24 22:41,0.0000733613999191561,2090
1321,2010SK13,12,2084-02-24 22:27,0.000464382602724028,2084
1323,2022SO11,14,2095-10-06 07:49,0.00182229445394427,2095
1324,2019DF,4,2059-02-25 15:11,0.0264749426443175,2059
1326,2009QR,12,2069-08-25 17:17,0.0411632685777628,2069
1327,2019FT1,14,2113-03-24 02:24,0.0221509823858029,2113
1328,2019SM8,5,2061-10-01 13:16,0.0000513467550710095,2061
1331,2010XP,18,2086-12-09 11:26,0.0075900384825083,2086
1333,2021GM1,2.9,2117-02-01 23:29,0.00770734662925894,2117
1334,2020YG2,40,2109-10-15 09:38,0.00163428762865754,2109
1336,2017JB2,5,2122-04-29 19:44,1,2122
1338,2017SA21,8,2056-09-27 16:06,0.376159861722249,2056
1339,2019UX12,6,2107-10-27 10:01,0.000741128954407967,2107
1340,2016VA18,7,2052-05-01 05:08,0.080581521404945,2038
1341,2022FA1,5,2116-08-26 12:16,0.0100253336914072,2116
1342,2021UL3,7,2116-10-20 15:38,0.000593902427910967,2116
1345,2016WW2,6,2107-11-24 21:41,0.00364641386060775,2098
1347,2018BP3,6,2099-01-22 15:00,0.000539419519111663,2099
1348,2017BK30,13,2085-02-11 16:09,0.000525454376173713,2085
1350,2016QY84,18,2042-05-06 00:28,0.000774312661253467,2024
1351,2017RX2,18,2066-09-16 04:08,0.332884833382522,2066
1354,2017FD3,10,2087-03-18 00:20,0.023283064365387,2087
1356,2015FC345,10,2091-07-13 19:43,0.266038163730505,2085
1357,2017UJ2,2.4,2112-06-22 15:53,0.00246937232060903,2061
1358,2015KW157,24,2061-05-09 20:47,0.144279568083215,2042
1359,2022OJ5,6,2118-08-01 12:11,0.000272635461585462,2118
1360,2020RK,30,2101-08-31 22:05,0.000107601484102072,2101
1361,2019BV2,28,2120-08-03 20:49,0.000763524944218083,2120
1362,2022UC14,4,2120-10-25 05:16,0.279081647233653,2120
1363,2008JL24,4,2111-01-05 11:56,0.0902539486176119,2096
1367,2012XB112,4,2118-06-04 19:41,0.177635683940025,2118
1368,2019ES2,24,2094-03-27 06:44,0.0230891374174002,2094
1371,2020QR5,12,2108-08-24 13:28,0.000223394118553036,2103
1372,2016EU84,6,2113-02-27 13:27,0.0000923869327086624,2113
1373,2019UO8,5,2106-10-27 20:27,0.403883227979369,2106
1375,2020LO,15,2065-06-03 20:49,0.225456070958055,2065
1376,2020DM3,20,2109-07-03 04:52,0.000423901434175803,2109
1377,2017TU1,21,2104-08-05 07:12,0.00617143259110868,2104
1378,2022UQ40,8,2066-10-24 10:37,0.000333771128975053,2057
1381,2014HE197,25,2068-09-04 13:54,0.675564168825799,2051
1382,2016AF2,10,2103-03-29 08:51,0.000333771128975053,2093
1383,2021VH,4,2120-04-02 09:18,0.00173315831159962,2120
1385,2021VR4,18,2098-11-25 07:21,0.0331760210520316,2098
1386,2019UN13,1.3,2111-11-01 04:11,0.00124222699842117,2109
1388,2021GZ7,6,2094-04-05 22:24,0.0604913455519821,2080
1389,2019GK3,4,2103-03-31 17:22,0.000031823530479904,2103
1390,2017KJ32,6,2080-07-05 16:44,0.0511747797419905,2080
1393,2019QD,6,2112-08-21 17:03,0.000822526333996995,2112
1394,2021KN2,7,2083-05-31 22:40,0.000250038643111735,2083
1396,2008UM1,1.6,2073-10-20 14:07,0.122366804940477,2073
1398,2021BW1,18,2093-12-25 17:47,0.000862984442343148,2093
1399,2022GQ,3,2102-11-23 09:57,0.00095599066359748,2101
1401,2022YX1,7,2115-06-23 12:45,0.00163516316619182,2091
1402,2021BR2,2.4,2113-08-24 23:57,0.0300339456486193,2113
1403,2021XD6,7,2115-12-11 06:36,0.00478325031853537,2103
1404,2021SP,5,2033-09-17 11:59,0.460427779516301,2033
1407,2020YS2,2.2,2121-10-01 17:19,0.759917813202063,2105
1409,2011WQ4,12,2097-01-10 00:00,0.307507942851545,2097
1411,2016VH,16,2115-10-24 09:36,0.0153966373686619,2115
1413,1995UB,13,2121-10-18 05:05,0.0260122948737489,2121
1414,2020HE7,6,2103-04-22 13:57,0.00588804597472216,2071
1415,2022BM3,4,2097-01-24 05:20,0.080581521404945,2097
1420,2021XF1,4,2086-12-06 01:08,0.00519447341523691,2073
1421,2007EK,5,2111-09-08 12:39,0.00333394676246137,2111
1424,2013RZ53,2.1,2099-01-29 23:09,0.00252653293602198,2096
1426,2015HZ182,12,2112-04-12 02:08,0.385543289429531,2089
1428,2022TP,20,2075-09-30 19:31,0.0279665970705546,2075
1430,2007VF189,8,2072-11-13 16:55,0.00125900178948789,2072
1431,2009SH1,5,2118-09-16 03:54,0.248670523630712,2075
1432,2016DB,7,2059-05-01 14:19,0.000763524944218083,2059
1434,2020BA15,12,2051-01-28 07:08,0.078361528204942,2051
1435,2022RS1,10,2113-09-01 09:45,0.0230891374174002,2113
1438,2012BV1,2.3,2083-01-18 13:49,0.248670523630712,2083
1442,2018KY2,13,2075-05-26 16:18,0.00755307776204077,2075
1444,2009VZ39,8,2112-11-14 05:56,0.000364625146671645,2112
1449,2022YM8,25,2094-10-11 15:08,0.000571709550222273,2094
1451,2017VN2,12,2110-11-21 03:51,0.00350649579040266,2110
1455,2022BD1,5,2122-01-29 04:57,0.000394056822987739,2122
1457,2019HR2,6,2097-04-23 16:19,0.000178861364631141,2097
1460,2012AQ,2.6,2121-12-23 08:16,0.000692303529013449,2121

